{
  "project_info": {
    "project_number": "575716056257",
    "project_id": "mobilprogrammering-3a0e6",
    "storage_bucket": "mobilprogrammering-3a0e6.appspot.com"
  },
  "client": [
    {
      "client_info": {
        "mobilesdk_app_id": "1:575716056257:android:f1e2707f817ce5277b8840",
        "android_client_info": {
          "package_name": "com.kristoss.randomfacts"
        }
      },
      "oauth_client": [
        {
          "client_id": "575716056257-7846ls2hg19m98m0tqfjjrv3tcnlaqnb.apps.googleusercontent.com",
          "client_type": 3
        }
      ],
      "api_key": [
        {
          "current_key": "AIzaSyCSGmCTfPLV0g0ECVKcNV_vAX5wA9Dllnk"
        }
      ],
      "services": {
        "appinvite_service": {
          "other_platform_oauth_client": [
            {
              "client_id": "575716056257-7846ls2hg19m98m0tqfjjrv3tcnlaqnb.apps.googleusercontent.com",
              "client_type": 3
            }
          ]
        }
      }
    }
  ],
  "configuration_version": "1"
}